Ratio O/F,pc psi,Nozzle inl,Nozzle exi,rho kg/m^3,Tc K,M,gamma,k,c* m/s,Is opt s,Is vac s,Cf opt,Cf vac,c.factor
0.25,250,9,4.73,0,1455.8115,26.7322,1.1657,1.1274,1019.8037,87.6195,107.8313,1.472,1.6588,0.601
0.25,300,9,4.73,0,1462.4015,26.8754,1.1691,1.1263,1021.638,87.6676,107.9128,1.472,1.6592,0.6014
0.25,350,9,4.73,0,1468.433,27.0081,1.1721,1.1252,1023.1632,87.6855,107.9611,1.472,1.6595,0.6016
0.25,400,9,4.73,0,1473.9986,27.1318,1.1747,1.1242,1024.4621,87.6852,107.988,1.472,1.6597,0.6017
0.25,450,9,4.73,0,1479.1688,27.248,1.177,1.1232,1025.5881,87.6734,108.0008,1.472,1.66,0.6017
0.25,500,9,4.73,0,1483.999,27.3575,1.1791,1.1223,1026.5778,87.6543,108.0043,1.472,1.6602,0.6017
0.25,550,9,4.73,0,1488.5332,27.4613,1.181,1.1214,1027.4576,87.6307,108.0016,1.4719,1.6604,0.6017
0.25,600,9,4.73,0,1492.8072,27.56,1.1827,1.1206,1028.2469,87.6044,107.9946,1.4719,1.6606,0.6017
0.25,650,9,4.73,0,1496.8505,27.6541,1.1842,1.1198,1028.9603,87.5766,107.9849,1.4719,1.6608,0.6016
0.25,700,9,4.73,0,1500.6878,27.7441,1.1856,1.1191,1029.6096,87.548,107.9734,1.4719,1.6609,0.6016
0.25,750,9,4.73,0,1504.3397,27.8304,1.1869,1.1183,1030.2036,87.5194,107.9609,1.4719,1.6611,0.6015
0.25,800,9,4.73,0,1507.824,27.9133,1.1881,1.1176,1030.7498,87.4918,107.9472,1.472,1.6613,0.6014
0.25,850,9,4.73,0,1511.1559,27.9931,1.1891,1.117,1031.2543,87.4641,107.934,1.4719,1.6614,0.6014
0.25,900,9,4.73,0,1514.3487,28.0701,1.1901,1.1163,1031.7218,87.4372,107.9208,1.4719,1.6616,0.6013
0.25,950,9,4.73,0,1517.4137,28.1445,1.1911,1.1157,1032.1463,87.4111,107.908,1.472,1.6617,0.6013
0.25,1000,9,4.73,0,1520.361,28.2165,1.1919,1.1151,1032.5519,87.3861,107.8956,1.472,1.6619,0.6013
0.5,100,9,4.73,0,1608.5841,25.1724,1.1573,1.1507,1086.1584,119.851,140.4953,1.4719,1.6494,0.7325
0.5,150,9,4.73,0,1612.5314,25.2404,1.1596,1.15,1090.8057,120.8153,141.5292,1.4717,1.6499,0.7376
0.5,200,9,4.73,0,1616.2651,25.3052,1.1616,1.1493,1094.1187,121.5069,142.2751,1.4717,1.6502,0.7413
0.5,250,9,4.73,0,1619.8104,25.3672,1.1635,1.1487,1096.6964,122.035,142.8499,1.4716,1.6506,0.7441
0.5,300,9,4.73,0,1623.1875,25.4265,1.1653,1.1481,1098.8064,122.4616,143.3151,1.4716,1.6508,0.7463
0.5,350,9,4.73,0,1626.4131,25.4835,1.1669,1.1475,1100.5917,122.8145,143.7019,1.4716,1.6511,0.7482
0.5,400,9,4.73,0,1629.5015,25.5385,1.1685,1.1469,1102.138,123.113,144.0306,1.4715,1.6513,0.7497
0.5,450,9,4.73,0,1632.4646,25.5914,1.1699,1.1464,1103.501,123.3671,144.3132,1.4715,1.6515,0.7511
0.5,500,9,4.73,0,1635.3131,25.6426,1.1713,1.1458,1104.7185,123.5915,144.5625,1.4715,1.6517,0.7523
0.5,550,9,4.73,0,1638.056,25.6921,1.1726,1.1453,1105.818,123.7897,144.7835,1.4715,1.6519,0.7533
0.5,600,9,4.73,0,1640.7016,25.7401,1.1738,1.1448,1106.8195,123.9663,144.9813,1.4715,1.6521,0.7543
0.5,650,9,4.73,0,1643.2569,25.7867,1.1749,1.1443,1107.7385,124.1251,145.1598,1.4715,1.6522,0.7551
0.5,700,9,4.73,0,1645.7282,25.832,1.176,1.1438,1108.5869,124.2688,145.322,1.4714,1.6524,0.7559
0.5,750,9,4.73,0,1648.1213,25.876,1.177,1.1434,1109.3744,124.3997,145.4704,1.4714,1.6525,0.7566
0.5,800,9,4.73,0,1650.4413,25.9188,1.178,1.1429,1110.1086,124.5196,145.6067,1.4714,1.6527,0.7572
0.5,850,9,4.73,0,1652.6927,25.9605,1.1789,1.1425,1110.7959,124.6299,145.7327,1.4714,1.6528,0.7578
0.5,900,9,4.73,0,1654.8797,26.0013,1.1798,1.142,1111.4416,124.732,145.8496,1.4714,1.6529,0.7584
0.5,950,9,4.73,0,1657.0061,26.041,1.1806,1.1416,1112.0501,124.8267,145.9585,1.4714,1.653,0.7589
0.5,1000,9,4.73,0,1659.0753,26.0798,1.1814,1.1412,1112.6252,124.9183,146.0622,1.4714,1.6532,0.7593
0.75,100,9,4.73,0,1765.1045,24.6027,1.1674,1.1646,1145.479,139.3309,160.2364,1.4719,1.6424,0.7955
0.75,150,9,4.73,0,1766.9963,24.6315,1.1684,1.1643,1150.337,140.2822,161.2504,1.4717,1.6427,0.8004
0.75,200,9,4.73,0,1768.8216,24.6596,1.1693,1.1639,1153.7983,140.9857,162.0065,1.4716,1.643,0.8039
0.75,250,9,4.73,0,1770.594,24.687,1.1702,1.1636,1156.4931,141.5414,162.6086,1.4715,1.6432,0.8068
0.75,300,9,4.73,0,1772.3202,24.7139,1.1711,1.1633,1158.7022,142.0054,163.1121,1.4714,1.6435,0.8091
0.75,350,9,4.73,0,1774.0041,24.7402,1.1719,1.1629,1160.5753,142.4011,163.5431,1.4714,1.6437,0.8111
0.75,400,9,4.73,0,1775.6489,24.766,1.1727,1.1626,1162.202,142.7456,163.9192,1.4713,1.6439,0.8128
0.75,450,9,4.73,0,1777.2568,24.7914,1.1734,1.1623,1163.64,143.0464,164.2502,1.4712,1.6441,0.8144
0.75,500,9,4.73,0,1778.8299,24.8162,1.1742,1.162,1164.9288,143.3191,164.5494,1.4712,1.6443,0.8157
0.75,550,9,4.73,0,1780.3699,24.8406,1.1749,1.1616,1166.0966,143.5655,164.8202,1.4712,1.6444,0.817
0.75,600,9,4.73,0,1781.8785,24.8646,1.1756,1.1613,1167.1642,143.79,165.0675,1.4712,1.6446,0.8181
0.75,650,9,4.73,0,1783.3571,24.8881,1.1762,1.161,1168.1475,143.9919,165.292,1.4711,1.6447,0.8191
0.75,700,9,4.73,0,1784.8069,24.9113,1.1769,1.1607,1169.0588,144.1822,165.5021,1.4711,1.6449,0.82
0.75,750,9,4.73,0,1786.2292,24.9341,1.1775,1.1604,1169.9079,144.3586,165.6973,1.4711,1.645,0.8209
0.75,800,9,4.73,0,1787.6252,24.9565,1.1781,1.1601,1170.7027,144.523,165.8794,1.4711,1.6451,0.8217
0.75,850,9,4.73,0,1788.9959,24.9785,1.1787,1.1599,1171.4497,144.6767,166.0499,1.4711,1.6453,0.8225
0.75,900,9,4.73,0,1790.3422,25.0003,1.1792,1.1596,1172.1542,144.8209,166.2101,1.4711,1.6454,0.8232
0.75,950,9,4.73,0,1791.6651,25.0216,1.1798,1.1593,1172.8207,144.9567,166.3612,1.4711,1.6455,0.8239
0.75,1000,9,4.73,0,1792.9655,25.0427,1.1803,1.159,1173.4532,145.081,166.5014,1.471,1.6456,0.8245
1,100,9,4.73,0,1899.4402,24.2223,1.1759,1.1744,1193.3759,153.4118,174.4268,1.4718,1.6363,0.8343
1,150,9,4.73,0,1900.5896,24.2371,1.1765,1.1743,1198.4106,154.3145,175.3842,1.4717,1.6366,0.8387
1,200,9,4.73,0,1901.6579,24.2516,1.177,1.1742,1201.9922,154.9812,176.0984,1.4715,1.6368,0.842
1,250,9,4.73,0,1902.6824,24.2658,1.1775,1.174,1204.7772,155.513,176.6722,1.4714,1.637,0.8446
1,300,9,4.73,0,1903.6773,24.2798,1.1779,1.1738,1207.0579,155.9564,177.1534,1.4713,1.6372,0.8468
1,350,9,4.73,0,1904.6496,24.2937,1.1784,1.1736,1208.9906,156.3329,177.5655,1.4712,1.6374,0.8487
1,400,9,4.73,0,1905.603,24.3073,1.1788,1.1735,1210.6682,156.6669,177.9308,1.4711,1.6375,0.8503
1,450,9,4.73,0,1906.5401,24.3208,1.1792,1.1733,1212.1508,156.9643,178.2569,1.4711,1.6377,0.8517
1,500,9,4.73,0,1907.4624,24.3341,1.1797,1.1731,1213.4796,157.2323,178.5516,1.471,1.6378,0.8531
1,550,9,4.73,0,1908.3711,24.3473,1.1801,1.1729,1214.6837,157.4761,178.8203,1.471,1.638,0.8542
1,600,9,4.73,0,1909.2671,24.3604,1.1804,1.1727,1215.7848,157.6997,179.0672,1.4709,1.6381,0.8553
1,650,9,4.73,0,1910.1512,24.3733,1.1808,1.1725,1216.7992,157.9062,179.2956,1.4709,1.6383,0.8563
1,700,9,4.73,0,1911.0238,24.3861,1.1812,1.1723,1217.7398,158.0979,179.508,1.4709,1.6384,0.8573
1,750,9,4.73,0,1911.8856,24.3987,1.1816,1.1721,1218.6167,158.2724,179.7035,1.4708,1.6385,0.8581
1,800,9,4.73,0,1912.7368,24.4112,1.1819,1.1719,1219.438,158.4402,179.8899,1.4708,1.6386,0.8589
1,850,9,4.73,0,1913.578,24.4236,1.1823,1.1718,1220.2105,158.5981,180.0654,1.4708,1.6387,0.8597
1,900,9,4.73,0,1914.4094,24.4359,1.1826,1.1716,1220.9396,158.7471,180.2312,1.4707,1.6388,0.8604
1,950,9,4.73,0,1915.2313,24.448,1.183,1.1714,1221.6301,158.8881,180.3884,1.4707,1.6389,0.8611
1,1000,9,4.73,0,1916.0441,24.4601,1.1833,1.1712,1222.2857,159.0219,180.5377,1.4707,1.639,0.8617
1.25,100,9,4.73,0,1996.8723,23.8758,1.229,1.102,1233.2543,164.4793,185.5188,1.4713,1.6306,0.8617
1.25,150,9,4.73,0,2015.0422,23.9513,1.1822,1.1808,1238.0894,165.0977,186.1847,1.4715,1.6313,0.8646
1.25,200,9,4.73,0,2015.8816,23.9602,1.1827,1.1809,1241.7753,165.7403,186.8699,1.4714,1.6315,0.8677
1.25,250,9,4.73,0,2016.6273,23.9688,1.1831,1.1809,1244.6393,166.2506,187.4187,1.4713,1.6316,0.8702
1.25,300,9,4.73,0,2017.3216,23.9772,1.1834,1.1809,1246.9831,166.6751,187.8784,1.4712,1.6318,0.8722
1.25,350,9,4.73,0,2017.9835,23.9855,1.1837,1.1808,1248.9678,167.0394,188.275,1.4711,1.6319,0.8739
1.25,400,9,4.73,0,2018.6224,23.9937,1.184,1.1808,1250.6895,167.3587,188.6242,1.471,1.6321,0.8755
1.25,450,9,4.73,0,2019.2442,24.0017,1.1843,1.1807,1252.2102,167.6387,188.9334,1.4709,1.6322,0.8768
1.25,500,9,4.73,0,2019.8523,24.0097,1.1846,1.1806,1253.5725,167.8955,189.2163,1.4708,1.6323,0.8781
1.25,550,9,4.73,0,2020.4492,24.0176,1.1848,1.1805,1254.8064,168.1295,189.4747,1.4708,1.6324,0.8792
1.25,600,9,4.73,0,2021.0363,24.0255,1.1851,1.1804,1255.9343,168.3444,189.7127,1.4707,1.6326,0.8802
1.25,650,9,4.73,0,2021.6151,24.0333,1.1853,1.1803,1256.9731,168.5432,189.9333,1.4707,1.6327,0.8811
1.25,700,9,4.73,0,2022.1862,24.041,1.1856,1.1801,1257.9361,168.7281,190.1389,1.4706,1.6328,0.882
1.25,750,9,4.73,0,2022.7505,24.0487,1.1858,1.18,1258.8336,168.9009,190.3314,1.4706,1.6329,0.8828
1.25,800,9,4.73,0,2023.3085,24.0563,1.186,1.1799,1259.6741,169.0632,190.5125,1.4705,1.633,0.8836
1.25,850,9,4.73,0,2023.8606,24.0639,1.1862,1.1798,1260.4645,169.2161,190.6834,1.4705,1.6331,0.8843
1.25,900,9,4.73,0,2024.4071,24.0714,1.1865,1.1797,1261.2105,169.3607,190.8452,1.4705,1.6332,0.885
1.25,950,9,4.73,0,2024.9485,24.0789,1.1867,1.1796,1261.9168,169.4978,190.9988,1.4704,1.6333,0.8857
1.25,1000,9,4.73,0,2025.4849,24.0863,1.1869,1.1794,1262.5876,169.6282,191.145,1.4704,1.6334,0.8863
1.5,100,9,4.73,0,2018.09,23.3805,1.2526,1.1037,1275.7518,173.6083,194.6212,1.4603,1.6141,0.8828
1.5,150,9,4.73,0,2055.8937,23.519,1.2512,1.1052,1274.9577,174.1523,195.2071,1.4672,1.6221,0.8853
1.5,200,9,4.73,0,2083.4259,23.6231,1.25,1.1062,1276.2032,174.5432,195.6364,1.47,1.6255,0.8872
1.5,250,9,4.73,0,2105.1913,23.7075,1.2491,1.107,1278.2256,174.8509,195.9795,1.471,1.6268,0.8886
1.5,300,9,4.73,0,2115.1961,23.7486,1.1868,1.185,1280.5236,175.1792,196.3405,1.471,1.6271,0.8902
1.5,350,9,4.73,0,2115.7908,23.7543,1.1872,1.1852,1282.5525,175.5325,196.7243,1.4709,1.6272,0.8918
1.5,400,9,4.73,0,2116.3321,23.7599,1.1875,1.1853,1284.3123,175.8369,197.0586,1.4708,1.6273,0.8933
1.5,450,9,4.73,0,2116.8376,23.7653,1.1878,1.1853,1285.8665,176.1121,197.3604,1.4707,1.6274,0.8946
1.5,500,9,4.73,0,2117.3175,23.7707,1.1881,1.1854,1287.2582,176.36,197.6334,1.4706,1.6275,0.8957
1.5,550,9,4.73,0,2117.7781,23.776,1.1883,1.1854,1288.5185,176.5858,197.883,1.4705,1.6276,0.8968
1.5,600,9,4.73,0,2118.2237,23.7812,1.1885,1.1853,1289.6702,176.7931,198.1128,1.4705,1.6277,0.8978
1.5,650,9,4.73,0,2118.6572,23.7864,1.1887,1.1853,1290.7307,176.9848,198.3259,1.4704,1.6278,0.8987
1.5,700,9,4.73,0,2119.0808,23.7915,1.1889,1.1853,1291.7134,177.1631,198.5246,1.4704,1.6279,0.8995
1.5,750,9,4.73,0,2119.4959,23.7966,1.1891,1.1852,1292.6291,177.3298,198.7107,1.4703,1.628,0.9003
1.5,800,9,4.73,0,2119.9037,23.8017,1.1892,1.1852,1293.4865,177.4863,198.8859,1.4703,1.6281,0.901
1.5,850,9,4.73,0,2120.3052,23.8067,1.1894,1.1851,1294.2925,177.6338,199.0513,1.4702,1.6282,0.9017
1.5,900,9,4.73,0,2120.701,23.8117,1.1896,1.185,1295.0531,177.7733,199.208,1.4702,1.6283,0.9024
1.5,950,9,4.73,0,2121.0918,23.8166,1.1897,1.185,1295.7731,177.9057,199.3569,1.4702,1.6284,0.903
1.5,1000,9,4.73,0,2121.478,23.8215,1.1899,1.1849,1296.4567,178.0316,199.4988,1.4701,1.6285,0.9036
1.75,100,9,4.73,0,2033.3229,22.9779,1.272,1.1052,1298.6072,180.0406,201.156,1.4625,1.6143,0.8962
1.75,150,9,4.73,0,2072.3424,23.1099,1.2709,1.1068,1312.0294,181.1187,202.1369,1.4567,1.6069,0.8992
1.75,200,9,4.73,0,2100.8167,23.2093,1.27,1.1079,1313.4279,181.68,202.7074,1.46,1.6106,0.9014
1.75,250,9,4.73,0,2123.3622,23.2899,1.2692,1.1088,1312.52,182.0567,203.117,1.4642,1.6155,0.9032
1.75,300,9,4.73,0,2142.0846,23.3582,1.2684,1.1094,1312.4853,182.3617,203.4544,1.4669,1.6187,0.9046
1.75,350,9,4.73,0,2158.1271,23.4178,1.2678,1.1099,1312.9998,182.6266,203.7479,1.4686,1.6207,0.9058
1.75,400,9,4.73,0,2172.1825,23.4708,1.2672,1.1104,1313.8117,182.8572,204.0058,1.4696,1.6221,0.9069
1.75,450,9,4.73,0,2184.703,23.5187,1.2666,1.1108,1314.8413,183.0625,204.2366,1.4701,1.6229,0.9079
1.75,500,9,4.73,0,2196.0006,23.5625,1.2661,1.1111,1316.0096,183.2474,204.4457,1.4703,1.6233,0.9088
1.75,550,9,4.73,0,2202.1268,23.5875,1.19,1.1878,1317.2553,183.4377,204.6591,1.4703,1.6234,0.9096
1.75,600,9,4.73,0,2202.5636,23.5914,1.1903,1.188,1318.4261,183.6396,204.8828,1.4702,1.6235,0.9106
1.75,650,9,4.73,0,2202.9716,23.5953,1.1906,1.1881,1319.5043,183.826,205.0902,1.4702,1.6236,0.9114
1.75,700,9,4.73,0,2203.3574,23.5991,1.1909,1.1882,1320.5036,183.9994,205.2836,1.4701,1.6237,0.9122
1.75,750,9,4.73,0,2203.7256,23.6028,1.1911,1.1882,1321.4347,184.1613,205.4647,1.4701,1.6238,0.913
1.75,800,9,4.73,0,2204.0795,23.6065,1.1913,1.1883,1322.3065,184.3133,205.6352,1.47,1.6239,0.9137
1.75,850,9,4.73,0,2204.4216,23.6101,1.1914,1.1883,1323.126,184.4565,205.7961,1.47,1.6239,0.9144
1.75,900,9,4.73,0,2204.7538,23.6137,1.1916,1.1883,1323.8993,184.5919,205.9485,1.4699,1.624,0.915
1.75,950,9,4.73,0,2205.0775,23.6172,1.1918,1.1883,1324.6313,184.7203,206.0934,1.4699,1.6241,0.9156
1.75,1000,9,4.73,0,2205.394,23.6208,1.1919,1.1883,1325.3262,184.8424,206.2314,1.4698,1.6242,0.9161
2,100,9,4.73,0,2082.0111,22.7611,1.2202,1.2196,1309.9864,184.6561,205.9419,1.4711,1.6229,0.9048
2,150,9,4.73,0,2084.7424,22.7719,1.2874,1.1082,1325.124,186.0534,207.1954,1.4644,1.614,0.9086
2,200,9,4.73,0,2113.921,22.8669,1.2867,1.1094,1335.0027,186.9265,207.9908,1.4603,1.6087,0.911
2,250,9,4.73,0,2137.0503,22.944,1.286,1.1103,1342.6923,187.5818,208.601,1.457,1.6046,0.9129
2,300,9,4.73,0,2156.2756,23.0094,1.2854,1.111,1348.9898,188.1035,209.096,1.4541,1.6011,0.9145
2,350,9,4.73,0,2172.7626,23.0665,1.2849,1.1116,1345.8095,188.357,209.39,1.4594,1.6073,0.9158
2,400,9,4.73,0,2187.218,23.1173,1.2844,1.1121,1345.0666,188.6136,209.6726,1.4622,1.6105,0.917
2,450,9,4.73,0,2200.1032,23.1632,1.2839,1.1125,1344.7189,188.8408,209.9246,1.4642,1.613,0.918
2,500,9,4.73,0,2211.7371,23.2052,1.2834,1.1129,1344.6566,189.0449,210.1523,1.4658,1.6149,0.919
2,550,9,4.73,0,2222.3492,23.2439,1.283,1.1132,1344.8009,189.2302,210.3601,1.467,1.6163,0.9198
2,600,9,4.73,0,2229.6571,23.2732,1.2828,1.1135,1344.5866,189.4077,210.5591,1.4685,1.6181,0.9206
2,650,9,4.73,0,2234.5271,23.2956,1.2827,1.1137,1343.8805,189.5721,210.7458,1.4704,1.6204,0.9214
2,700,9,4.73,0,2239.2794,23.3177,1.2826,1.114,1343.3369,189.7291,210.9226,1.472,1.6223,0.9221
2,750,9,4.73,0,2243.9508,23.3396,1.2826,1.1143,1342.9321,189.8751,211.0876,1.4734,1.624,0.9228
2,800,9,4.73,0,2248.5729,23.3614,1.2825,1.1146,1342.6573,190.0114,211.2423,1.4747,1.6255,0.9234
2,850,9,4.73,0,2253.1774,23.3833,1.2825,1.1149,1342.5079,190.1392,211.3878,1.4757,1.6268,0.924
2,900,9,4.73,0,2257.7958,23.4054,1.2826,1.1153,1342.4815,190.2593,211.5249,1.4765,1.6278,0.9246
2,950,9,4.73,0,2262.4624,23.4278,1.2826,1.1157,1342.5799,190.3725,211.6545,1.4772,1.6287,0.9251
2,1000,9,4.73,0,2267.2166,23.4507,1.2827,1.1161,1342.8093,190.4793,211.7772,1.4777,1.6293,0.9256
2.25,100,9,4.73,0,2161.9525,22.6941,1.2193,1.2186,1311.5077,188.27,209.7316,1.487,1.6399,0.9108
2.25,150,9,4.73,0,2163.3239,22.6994,1.2206,1.2199,1331.8569,189.7861,211.0624,1.4752,1.625,0.9147
2.25,200,9,4.73,0,2164.2077,22.7035,1.2213,1.2205,1344.7703,190.8232,211.9923,1.4683,1.6164,0.9175
2.25,250,9,4.73,0,2164.8763,22.7072,1.2218,1.2209,1353.8314,191.605,212.7063,1.4639,1.6109,0.9196
2.25,300,9,4.73,0,2167.3619,22.7167,1.2998,1.1124,1360.5719,192.2257,213.282,1.4609,1.6071,0.9214
2.25,350,9,4.73,0,2184.1948,22.7714,1.2994,1.113,1366.0585,192.7156,213.7415,1.4586,1.6042,0.9228
2.25,400,9,4.73,0,2198.9615,22.8202,1.299,1.1136,1370.8191,193.1321,214.1374,1.4565,1.6016,0.924
2.25,450,9,4.73,0,2212.1308,22.8643,1.2986,1.114,1375.0233,193.4935,214.4852,1.4546,1.5994,0.9251
2.25,500,9,4.73,0,2224.0266,22.9046,1.2982,1.1144,1374.8579,193.7271,214.7365,1.4564,1.6015,0.9261
2.25,550,9,4.73,0,2231.1282,22.9307,1.2981,1.1147,1373.6107,193.9302,214.9614,1.459,1.6046,0.927
2.25,600,9,4.73,0,2236.6014,22.9521,1.298,1.115,1372.3902,194.1175,215.1698,1.4616,1.6075,0.9278
2.25,650,9,4.73,0,2241.9571,22.9733,1.2981,1.1154,1371.3457,194.2896,215.3622,1.4638,1.6101,0.9286
2.25,700,9,4.73,0,2247.2434,22.9944,1.2981,1.1158,1370.4627,194.4488,215.5409,1.4658,1.6124,0.9293
2.25,750,9,4.73,0,2252.5075,23.0158,1.2982,1.1162,1369.7375,194.597,215.7078,1.4676,1.6145,0.93
2.25,800,9,4.73,0,2257.7969,23.0374,1.2983,1.1166,1369.1389,194.7351,215.8641,1.4691,1.6163,0.9306
2.25,850,9,4.73,0,2263.1647,23.0596,1.2985,1.1171,1368.6886,194.8646,216.0111,1.4704,1.6179,0.9312
2.25,900,9,4.73,0,2268.6739,23.0825,1.2987,1.1177,1368.3823,194.9864,216.1498,1.4716,1.6193,0.9318
2.25,950,9,4.73,0,2274.4054,23.1065,1.299,1.1183,1368.2298,195.101,216.2809,1.4725,1.6205,0.9323
2.25,1000,9,4.73,0,2280.4741,23.132,1.2993,1.119,1368.2515,195.2092,216.4049,1.4732,1.6213,0.9328
2.5,100,9,4.73,0,2231.4034,22.6343,1.2166,1.2156,1317.8643,191.7195,213.2664,1.498,1.6508,0.9165
2.5,150,9,4.73,0,2233.5601,22.6408,1.2189,1.218,1331.9106,193.0765,214.4902,1.4918,1.6427,0.9203
2.5,200,9,4.73,0,2234.8263,22.6452,1.2201,1.2192,1348.0405,194.1849,215.4647,1.4818,1.6304,0.9231
2.5,250,9,4.73,0,2235.7111,22.6488,1.2209,1.22,1359.6876,195.0204,216.2118,1.4749,1.622,0.9252
2.5,300,9,4.73,0,2236.3939,22.652,1.2215,1.2205,1368.592,195.6869,216.8168,1.4698,1.6158,0.927
2.5,350,9,4.73,0,2236.9552,22.6548,1.2219,1.2208,1375.6692,196.239,217.3246,1.466,1.6112,0.9285
2.5,400,9,4.73,0,2237.4369,22.6575,1.2222,1.2211,1381.4469,196.7087,217.7619,1.4631,1.6076,0.9298
2.5,450,9,4.73,0,2237.8632,22.66,1.2225,1.2213,1386.259,197.1163,218.1455,1.4607,1.6048,0.931
2.5,500,9,4.73,0,2238.2492,22.6625,1.2228,1.2214,1390.3292,197.4755,218.4871,1.4589,1.6025,0.932
2.5,550,9,4.73,0,2238.6046,22.6649,1.223,1.2215,1393.8143,197.796,218.7947,1.4573,1.6007,0.933
2.5,600,9,4.73,0,2238.9364,22.6672,1.2231,1.2216,1396.8281,198.085,219.0744,1.4561,1.5992,0.9339
2.5,650,9,4.73,0,2248.4026,22.699,1.3114,1.1169,1399.5264,198.3411,219.3242,1.455,1.5979,0.9346
2.5,700,9,4.73,0,2254.2432,22.7195,1.3116,1.1174,1401.9446,198.5779,219.557,1.4541,1.5968,0.9353
2.5,750,9,4.73,0,2260.1482,22.7406,1.3118,1.1179,1399.5754,198.7028,219.7082,1.4573,1.6006,0.936
2.5,800,9,4.73,0,2266.1967,22.7624,1.3121,1.1186,1398.6085,198.8431,219.8664,1.4592,1.6028,0.9367
2.5,850,9,4.73,0,2272.4905,22.7854,1.3125,1.1193,1397.7834,198.9696,220.0118,1.4609,1.6048,0.9372
2.5,900,9,4.73,0,2279.1747,22.8101,1.313,1.1201,1397.1088,199.0935,220.1524,1.4624,1.6065,0.9378
2.5,950,9,4.73,0,2286.4843,22.8374,1.3136,1.1211,1396.6079,199.2101,220.2853,1.4637,1.6081,0.9383
2.5,1000,9,4.73,0,2294.8724,22.869,1.3143,1.1224,1396.3338,199.32,220.4109,1.4647,1.6093,0.9388
2.75,100,9,4.73,0,2291.3972,22.5785,1.2119,1.2105,1339.1011,195.126,216.6104,1.4932,1.6434,0.9212
2.75,150,9,4.73,0,2294.8717,22.5875,1.2157,1.2146,1344.6211,196.3168,217.726,1.4954,1.645,0.9251
2.75,200,9,4.73,0,2296.8022,22.5931,1.2177,1.2167,1309.7604,196.2727,217.9371,1.5345,1.6904,0.9279
2.75,250,9,4.73,0,2298.0809,22.5972,1.219,1.218,1359.9893,197.9598,219.2449,1.4898,1.6377,0.93
2.75,300,9,4.73,0,2299.0197,22.6005,1.2199,1.2188,1370.7246,198.6653,219.8735,1.483,1.6294,0.9318
2.75,350,9,4.73,0,2299.7569,22.6034,1.2205,1.2195,1379.3958,199.2498,220.401,1.4777,1.623,0.9333
2.75,400,9,4.73,0,2300.3637,22.606,1.221,1.2199,1386.5688,199.7466,220.8546,1.4734,1.6179,0.9346
2.75,450,9,4.73,0,2300.8809,22.6084,1.2214,1.2203,1392.6365,200.1778,221.2524,1.4699,1.6137,0.9358
2.75,500,9,4.73,0,2301.3335,22.6106,1.2218,1.2206,1397.8486,200.5578,221.6065,1.4669,1.6102,0.9368
2.75,550,9,4.73,0,2301.7378,22.6128,1.2221,1.2208,1402.381,200.897,221.9253,1.4644,1.6072,0.9377
2.75,600,9,4.73,0,2302.1048,22.6148,1.2223,1.221,1406.3621,201.2027,222.2152,1.4623,1.6047,0.9386
2.75,650,9,4.73,0,2302.4425,22.6168,1.2225,1.2211,1409.8883,201.4806,222.4807,1.4605,1.6026,0.9394
2.75,700,9,4.73,0,2302.7566,22.6187,1.2227,1.2213,1413.0335,201.735,222.7257,1.4589,1.6007,0.9401
2.75,750,9,4.73,0,2303.0513,22.6206,1.2229,1.2214,1415.8558,201.9695,222.953,1.4575,1.5991,0.9408
2.75,800,9,4.73,0,2303.3299,22.6224,1.2231,1.2215,1418.4016,202.1867,223.1649,1.4563,1.5977,0.9414
2.75,850,9,4.73,0,2303.5949,22.6242,1.2232,1.2215,1420.7082,202.3888,223.3633,1.4553,1.5965,0.9421
2.75,900,9,4.73,0,2303.8484,22.626,1.2233,1.2216,1422.8063,202.5776,223.5498,1.4544,1.5955,0.9426
2.75,950,9,4.73,0,2304.092,22.6277,1.2235,1.2217,1425.1348,202.7629,223.7314,1.4532,1.5941,0.9432
2.75,1000,9,4.73,0,2316.5555,22.6714,1.3294,1.1276,1424.0877,202.8693,223.8553,1.4549,1.5961,0.9437
3,100,9,4.73,0,2402.6815,22.6113,1.1905,1.1787,1379.8843,199.4828,220.4231,1.4755,1.6177,0.9252
3,150,9,4.73,0,2420.6408,22.6584,1.2039,1.1941,1384.3564,200.6012,221.499,1.4783,1.6203,0.9291
3,200,9,4.73,0,2432.0421,22.6912,1.2141,1.2054,1387.7608,201.4019,222.2745,1.48,1.622,0.9318
3,250,9,4.73,0,2440.5837,22.7179,1.2221,1.214,1390.9608,202.0007,222.8663,1.4806,1.6225,0.934
3,300,9,4.73,0,2446.9287,22.7399,1.2286,1.2206,1393.6917,202.4823,223.3486,1.4809,1.6228,0.9358
3,350,9,4.73,0,2451.8922,22.7588,1.2338,1.2259,1396.0884,202.8895,223.7592,1.481,1.6229,0.9373
3,400,9,4.73,0,2455.9299,22.7756,1.2381,1.2302,1398.2335,203.2398,224.1155,1.4811,1.623,0.9386
3,450,9,4.73,0,2459.3166,22.7908,1.2417,1.2336,1400.1816,203.5469,224.4304,1.481,1.6229,0.9397
3,500,9,4.73,0,2462.2282,22.8049,1.2448,1.2365,1401.9711,203.8202,224.7126,1.4809,1.6229,0.9407
3,550,9,4.73,0,2464.7823,22.8181,1.2474,1.2389,1403.6299,204.0663,224.9685,1.4808,1.6228,0.9417
3,600,9,4.73,0,2467.0606,22.8306,1.2496,1.2409,1405.179,204.29,225.2024,1.4806,1.6226,0.9425
3,650,9,4.73,0,2469.1214,22.8425,1.2516,1.2426,1406.6347,204.4951,225.4181,1.4804,1.6225,0.9433
3,700,9,4.73,0,2471.0077,22.8539,1.2533,1.2441,1408.0097,204.6843,225.6181,1.4802,1.6223,0.944
3,750,9,4.73,0,2472.7516,22.8649,1.2549,1.2453,1409.3143,204.8648,225.808,1.48,1.6221,0.9447
3,800,9,4.73,0,2474.378,22.8756,1.2563,1.2464,1366.8018,204.0953,225.3423,1.5204,1.6691,0.9453
3,850,9,4.73,0,2475.9058,22.8859,1.2575,1.2474,1368.761,204.2665,225.5179,1.5193,1.668,0.9459
3,900,9,4.73,0,2477.3503,22.896,1.2587,1.2482,1460.9653,206.2928,226.9722,1.437,1.5726,0.9466
3,950,9,4.73,0,2478.7236,22.9059,1.2597,1.2489,1462.7934,206.444,227.1308,1.4362,1.5717,0.9471
3,1000,9,4.73,0,2480.0355,22.9155,1.2606,1.2495,1464.4162,206.584,227.2792,1.4354,1.571,0.9476
3.25,100,9,4.73,0,2618.8304,23.1111,1.2378,1.2352,1418.0712,204.7141,225.0738,1.4697,1.6043,0.9278
3.25,150,9,4.73,0,2626.7574,23.1262,1.2426,1.2404,1424.0395,205.7001,226.0457,1.47,1.6045,0.9317
3.25,200,9,4.73,0,2631.7378,23.136,1.2458,1.2437,1428.2533,206.394,226.7324,1.4701,1.6047,0.9345
3.25,250,9,4.73,0,2635.2566,23.143,1.2481,1.2462,1431.5128,206.929,227.2637,1.4703,1.6048,0.9366
3.25,300,9,4.73,0,2637.9208,23.1484,1.2498,1.2481,1434.1714,207.3638,227.697,1.4704,1.6048,0.9384
3.25,350,9,4.73,0,2640.0326,23.1529,1.2513,1.2496,1436.4165,207.7296,228.0629,1.4704,1.6049,0.9398
3.25,400,9,4.73,0,2641.7622,23.1567,1.2525,1.2508,1438.3594,208.045,228.3796,1.4705,1.605,0.9411
3.25,450,9,4.73,0,2643.2141,23.1599,1.2535,1.2519,1440.072,208.322,228.6588,1.4705,1.605,0.9422
3.25,500,9,4.73,0,2644.4564,23.1627,1.2544,1.2528,1441.603,208.5687,228.9085,1.4705,1.6051,0.9432
3.25,550,9,4.73,0,2645.5358,23.1653,1.2551,1.2536,1442.9872,208.786,229.1312,1.4705,1.6051,0.9442
3.25,600,9,4.73,0,2646.4856,23.1676,1.2558,1.2542,1444.2503,208.9881,229.3375,1.4705,1.6051,0.945
3.25,650,9,4.73,0,2647.3302,23.1697,1.2564,1.2549,1445.4117,209.1732,229.5273,1.4705,1.6052,0.9458
3.25,700,9,4.73,0,2648.088,23.1717,1.2569,1.2554,1446.4866,209.3438,229.7031,1.4705,1.6052,0.9465
3.25,750,9,4.73,0,2648.7731,23.1735,1.2574,1.2559,1447.487,209.502,229.8669,1.4705,1.6052,0.9471
3.25,800,9,4.73,0,2649.3967,23.1753,1.2579,1.2563,1448.4224,209.6494,230.0201,1.4705,1.6053,0.9478
3.25,850,9,4.73,0,2649.9675,23.1769,1.2583,1.2568,1449.3009,209.7874,230.1641,1.4705,1.6053,0.9483
3.25,900,9,4.73,0,2650.4929,23.1784,1.2587,1.2571,1450.1288,209.9169,230.3,1.4705,1.6053,0.9489
3.25,950,9,4.73,0,2650.9786,23.1799,1.259,1.2575,1450.9118,210.039,230.4286,1.4705,1.6053,0.9494
3.25,1000,9,4.73,0,2651.4296,23.1813,1.2593,1.2578,1451.6543,210.1544,230.5507,1.4705,1.6054,0.9499
3.5,100,9,4.73,0,2746.2275,23.6831,1.227,1.2233,1434.2007,207.826,229.1118,1.475,1.6143,0.9289
3.5,150,9,4.73,0,2757.3485,23.7047,1.2318,1.2285,1440.553,208.8631,230.1225,1.4752,1.6143,0.9328
3.5,200,9,4.73,0,2764.43,23.7186,1.235,1.2321,1445.0057,209.5915,230.8348,1.4753,1.6143,0.9356
3.5,250,9,4.73,0,2769.4805,23.7285,1.2373,1.2347,1448.4337,210.1526,231.3848,1.4754,1.6143,0.9377
3.5,300,9,4.73,0,2773.3316,23.7361,1.2392,1.2367,1451.2201,210.6038,231.8295,1.4755,1.6143,0.9395
3.5,350,9,4.73,0,2776.4012,23.7422,1.2407,1.2384,1453.5671,210.9881,232.2073,1.4755,1.6143,0.941
3.5,400,9,4.73,0,2778.9268,23.7473,1.242,1.2397,1455.5941,211.32,232.5339,1.4756,1.6144,0.9422
3.5,450,9,4.73,0,2781.0548,23.7515,1.2431,1.2409,1457.3779,211.6119,232.8215,1.4756,1.6144,0.9434
3.5,500,9,4.73,0,2782.8813,23.7552,1.244,1.242,1458.9704,211.8724,233.0784,1.4757,1.6144,0.9444
3.5,550,9,4.73,0,2784.4727,23.7585,1.2448,1.2429,1460.4088,212.1075,233.3105,1.4757,1.6144,0.9453
3.5,600,9,4.73,0,2785.8761,23.7614,1.2456,1.2437,1461.72,212.3218,233.5221,1.4758,1.6144,0.9461
3.5,650,9,4.73,0,2787.1265,23.7639,1.2462,1.2444,1462.9249,212.5186,233.7166,1.4758,1.6144,0.9469
3.5,700,9,4.73,0,2788.2503,23.7663,1.2468,1.245,1464.0392,212.7006,233.8965,1.4758,1.6145,0.9476
3.5,750,9,4.73,0,2789.2678,23.7684,1.2474,1.2456,1465.0757,212.8697,234.0638,1.4758,1.6145,0.9483
3.5,800,9,4.73,0,2790.195,23.7703,1.2479,1.2462,1466.0444,213.0277,234.2203,1.4759,1.6145,0.9489
3.5,850,9,4.73,0,2791.0447,23.7721,1.2484,1.2466,1466.9537,213.176,234.3671,1.4759,1.6145,0.9495
3.5,900,9,4.73,0,2791.8274,23.7738,1.2488,1.2471,1467.8105,213.3157,234.5055,1.4759,1.6145,0.95
3.5,950,9,4.73,0,2792.5515,23.7754,1.2492,1.2475,1468.6205,213.4476,234.6363,1.4759,1.6145,0.9505
3.5,1000,9,4.73,0,2793.2242,23.7768,1.2496,1.2479,1469.3884,213.5727,234.7603,1.4759,1.6145,0.951
3.75,100,9,4.73,0,2853.4353,24.2048,1.2152,1.2099,1453.2572,210.4999,232.5441,1.4741,1.6166,0.9299
3.75,150,9,4.73,0,2868.2719,24.2344,1.22,1.2154,1460.0484,211.5925,233.597,1.4742,1.6164,0.9338
3.75,200,9,4.73,0,2877.853,24.2536,1.2233,1.2191,1464.7761,212.357,234.3371,1.4743,1.6163,0.9366
3.75,250,9,4.73,0,2884.755,24.2674,1.2258,1.222,1468.3981,212.9444,234.9075,1.4744,1.6162,0.9387
3.75,300,9,4.73,0,2890.0586,24.2781,1.2278,1.2242,1471.3315,213.421,235.3713,1.4744,1.6162,0.9405
3.75,350,9,4.73,0,2894.3124,24.2866,1.2294,1.226,1473.7952,213.8166,235.7585,1.4744,1.6161,0.942
3.75,400,9,4.73,0,2897.8303,24.2937,1.2308,1.2276,1475.9181,214.1624,236.0961,1.4745,1.6161,0.9432
3.75,450,9,4.73,0,2900.8075,24.2997,1.232,1.2289,1477.7826,214.4662,236.3931,1.4745,1.6161,0.9444
3.75,500,9,4.73,0,2903.3727,24.3049,1.233,1.2301,1479.4445,214.7372,236.6582,1.4746,1.6161,0.9454
3.75,550,9,4.73,0,2905.6149,24.3095,1.2339,1.2311,1480.9433,214.9816,236.8976,1.4746,1.6161,0.9463
3.75,600,9,4.73,0,2907.5983,24.3135,1.2347,1.232,1482.308,215.2042,237.1157,1.4747,1.6161,0.9471
3.75,650,9,4.73,0,2909.3701,24.3172,1.2355,1.2328,1483.5606,215.4085,237.3161,1.4747,1.6161,0.9479
3.75,700,9,4.73,0,2910.9662,24.3204,1.2362,1.2336,1484.7179,215.5972,237.5014,1.4747,1.6161,0.9486
3.75,750,9,4.73,0,2912.4145,24.3234,1.2368,1.2343,1485.7935,215.7727,237.6737,1.4747,1.6161,0.9493
3.75,800,9,4.73,0,2913.7369,24.3261,1.2374,1.2349,1486.798,215.9365,237.8347,1.4748,1.6161,0.9499
3.75,850,9,4.73,0,2914.951,24.3287,1.2379,1.2355,1487.7402,216.0902,237.9858,1.4748,1.6161,0.9505
3.75,900,9,4.73,0,2916.0711,24.331,1.2384,1.236,1488.6274,216.2348,238.1281,1.4748,1.6161,0.951
3.75,950,9,4.73,0,2917.109,24.3331,1.2388,1.2365,1489.4656,216.3715,238.2626,1.4748,1.6161,0.9516
3.75,1000,9,4.73,0,2918.0745,24.3352,1.2393,1.237,1490.2599,216.501,238.3901,1.4748,1.6161,0.952
4,100,9,4.73,0,2943.6492,24.6805,1.2044,1.1973,1468.7147,212.7029,235.4277,1.4736,1.6191,0.9309
4,150,9,4.73,0,2962.4219,24.7186,1.2091,1.2029,1476.0131,213.8517,236.5228,1.4735,1.6186,0.9348
4,200,9,4.73,0,2974.7023,24.7435,1.2124,1.2068,1481.0639,214.6565,237.2931,1.4736,1.6183,0.9375
4,250,9,4.73,0,2983.6326,24.7617,1.215,1.2097,1484.9161,215.2733,237.8856,1.4736,1.6181,0.9397
4,300,9,4.73,0,2990.5452,24.7758,1.217,1.2121,1488.0249,215.7726,238.3667,1.4736,1.618,0.9414
4,350,9,4.73,0,2996.1229,24.7872,1.2187,1.2141,1490.6282,216.1918,238.7715,1.4737,1.6179,0.9429
4,400,9,4.73,0,3000.759,24.7967,1.2202,1.2157,1492.866,216.5528,239.1208,1.4737,1.6179,0.9442
4,450,9,4.73,0,3004.6995,24.8048,1.2214,1.2172,1494.8272,216.8697,239.4278,1.4737,1.6178,0.9453
4,500,9,4.73,0,3008.1075,24.8118,1.2225,1.2185,1496.5721,217.1466,239.698,1.4737,1.6178,0.9463
4,550,9,4.73,0,3011.0965,24.8179,1.2235,1.2196,1498.1433,217.4011,239.9452,1.4738,1.6177,0.9473
4,600,9,4.73,0,3013.7483,24.8234,1.2244,1.2206,1499.572,217.6327,240.1704,1.4738,1.6177,0.9481
4,650,9,4.73,0,3016.1236,24.8283,1.2252,1.2215,1500.8815,217.8451,240.3771,1.4738,1.6177,0.9489
4,700,9,4.73,0,3018.2686,24.8327,1.2259,1.2224,1502.0901,218.0412,240.5681,1.4738,1.6177,0.9496
4,750,9,4.73,0,3020.2193,24.8367,1.2266,1.2231,1503.2122,218.2234,240.7457,1.4739,1.6177,0.9502
4,800,9,4.73,0,3022.0041,24.8404,1.2272,1.2238,1504.2591,218.3934,240.9116,1.4739,1.6177,0.9509
4,850,9,4.73,0,3023.6458,24.8438,1.2278,1.2245,1505.2403,218.5528,241.0671,1.4739,1.6176,0.9514
4,900,9,4.73,0,3025.1632,24.847,1.2284,1.2251,1506.1634,218.7028,241.2136,1.4739,1.6176,0.952
4,950,9,4.73,0,3026.5715,24.8499,1.2289,1.2257,1507.0349,218.8445,241.3521,1.4739,1.6176,0.9525
4,1000,9,4.73,0,3027.8835,24.8527,1.2293,1.2262,1507.8602,218.9787,241.4832,1.474,1.6176,0.953
4.25,100,9,4.73,0,3018.0061,25.1121,1.1947,1.1854,1481.1366,214.4982,237.8564,1.4733,1.6217,0.9318
4.25,150,9,4.73,0,3040.8593,25.1592,1.1992,1.191,1489.0073,215.7208,239.0052,1.4732,1.621,0.9357
4.25,200,9,4.73,0,3055.9914,25.1903,1.2024,1.1949,1494.4295,216.5651,239.805,1.4731,1.6205,0.9385
4.25,250,9,4.73,0,3067.094,25.2132,1.2049,1.1979,1498.5496,217.2148,240.4219,1.4731,1.6202,0.9406
4.25,300,9,4.73,0,3075.7492,25.2311,1.2069,1.2004,1501.864,217.7399,240.9221,1.4731,1.62,0.9424
4.25,350,9,4.73,0,3082.7737,25.2456,1.2086,1.2025,1504.632,218.1798,241.3425,1.4731,1.6198,0.9438
4.25,400,9,4.73,0,3088.6412,25.2578,1.2101,1.2042,1507.0057,218.5582,241.7047,1.4731,1.6197,0.9451
4.25,450,9,4.73,0,3093.6496,25.2681,1.2114,1.2057,1509.0819,218.8898,242.0229,1.4731,1.6196,0.9463
4.25,500,9,4.73,0,3097.9974,25.2772,1.2125,1.2071,1510.9257,219.1849,242.3064,1.4731,1.6195,0.9473
4.25,550,9,4.73,0,3101.8235,25.2851,1.2136,1.2083,1512.5832,219.4506,242.5621,1.4731,1.6195,0.9482
4.25,600,9,4.73,0,3105.228,25.2922,1.2145,1.2094,1514.0881,219.6922,242.7948,1.4732,1.6194,0.949
4.25,650,9,4.73,0,3108.2859,25.2985,1.2153,1.2104,1515.4658,219.9135,243.0083,1.4732,1.6193,0.9498
4.25,700,9,4.73,0,3111.0541,25.3043,1.2161,1.2113,1516.7357,220.1123,243.2018,1.4732,1.6193,0.9505
4.25,750,9,4.73,0,3113.5774,25.3096,1.2168,1.2121,1517.9133,220.302,243.3852,1.4732,1.6192,0.9512
4.25,800,9,4.73,0,3115.8909,25.3144,1.2175,1.2129,1519.0109,220.479,243.5563,1.4732,1.6192,0.9518
4.25,850,9,4.73,0,3118.0232,25.3189,1.2181,1.2136,1520.0386,220.6448,243.7168,1.4732,1.6192,0.9524
4.25,900,9,4.73,0,3119.9975,25.323,1.2187,1.2143,1521.0046,220.8008,243.8679,1.4732,1.6192,0.9529
4.25,950,9,4.73,0,3121.833,25.3268,1.2192,1.2149,1521.9159,220.9479,244.0106,1.4732,1.6191,0.9534
4.25,1000,9,4.73,0,3123.5457,25.3304,1.2197,1.2155,1522.7782,221.0873,244.1457,1.4732,1.6191,0.9539
4.5,100,9,4.73,0,3077.2918,25.5013,1.1863,1.1745,1490.7828,215.9293,239.8928,1.4734,1.6248,0.9326
4.5,150,9,4.73,0,3104.2349,25.5573,1.1904,1.1798,1499.2992,217.2292,241.0976,1.4731,1.6236,0.9365
4.5,200,9,4.73,0,3122.2871,25.5949,1.1933,1.1837,1505.1489,218.1297,241.938,1.4729,1.623,0.9393
4.5,250,9,4.73,0,3135.6499,25.6228,1.1957,1.1867,1509.5813,218.8109,242.5782,1.4728,1.6225,0.9415
4.5,300,9,4.73,0,3146.1409,25.6447,1.1976,1.1892,1513.1379,219.3651,243.0998,1.4728,1.6222,0.9432
4.5,350,9,4.73,0,3154.7054,25.6626,1.1993,1.1912,1516.1014,219.8287,243.5375,1.4727,1.6219,0.9447
4.5,400,9,4.73,0,3161.8952,25.6776,1.2007,1.193,1518.6374,220.2269,243.9144,1.4727,1.6217,0.946
4.5,450,9,4.73,0,3168.059,25.6905,1.202,1.1946,1520.8513,220.5755,244.245,1.4727,1.6215,0.9471
4.5,500,9,4.73,0,3173.4306,25.7017,1.2031,1.196,1522.8141,220.8853,244.5395,1.4727,1.6214,0.9481
4.5,550,9,4.73,0,3178.1738,25.7117,1.2041,1.1972,1524.5758,221.164,244.8048,1.4727,1.6213,0.9491
4.5,600,9,4.73,0,3182.4076,25.7206,1.205,1.1984,1526.1729,221.4171,245.0461,1.4727,1.6212,0.9499
4.5,650,9,4.73,0,3186.2211,25.7286,1.2059,1.1994,1527.633,221.6489,245.2674,1.4727,1.6211,0.9507
4.5,700,9,4.73,0,3189.6824,25.7358,1.2067,1.2004,1528.9773,221.8627,245.4717,1.4727,1.621,0.9514
4.5,750,9,4.73,0,3192.8449,25.7425,1.2074,1.2012,1530.2224,222.0609,245.6614,1.4727,1.6209,0.952
4.5,800,9,4.73,0,3195.751,25.7486,1.2081,1.2021,1531.3817,222.2457,245.8385,1.4727,1.6209,0.9527
4.5,850,9,4.73,0,3198.435,25.7542,1.2087,1.2028,1532.466,222.4187,246.0044,1.4727,1.6208,0.9532
4.5,900,9,4.73,0,3200.925,25.7595,1.2093,1.2035,1533.4843,222.5814,246.1605,1.4727,1.6208,0.9538
4.5,950,9,4.73,0,3203.244,25.7644,1.2099,1.2042,1534.4441,222.7348,246.3079,1.4727,1.6207,0.9543
4.5,1000,9,4.73,0,3205.4117,25.7689,1.2104,1.2048,1535.3515,222.88,246.4474,1.4727,1.6207,0.9548
4.75,100,9,4.73,0,3122.6225,25.8498,1.1797,1.165,1497.6271,216.998,241.5556,1.4738,1.6283,0.9334
4.75,150,9,4.73,0,3153.4275,25.9146,1.1831,1.1699,1506.8576,218.3839,242.8224,1.4733,1.6268,0.9373
4.75,200,9,4.73,0,3174.307,25.9585,1.1857,1.1735,1513.1932,219.3419,243.7042,1.4731,1.6259,0.94
4.75,250,9,4.73,0,3189.8995,25.9914,1.1878,1.1764,1517.9874,220.0712,244.379,1.4729,1.6252,0.9422
4.75,300,9,4.73,0,3202.2287,26.0174,1.1895,1.1788,1521.8284,220.6584,244.9245,1.4728,1.6247,0.9439
4.75,350,9,4.73,0,3212.3543,26.0387,1.191,1.1808,1525.0238,221.149,245.3818,1.4727,1.6244,0.9454
4.75,400,9,4.73,0,3220.8988,26.0568,1.1923,1.1825,1527.7542,221.564,245.7713,1.4726,1.624,0.9467
4.75,450,9,4.73,0,3228.2574,26.0723,1.1935,1.184,1530.1342,221.9321,246.1161,1.4725,1.6238,0.9478
4.75,500,9,4.73,0,3234.6961,26.0859,1.1946,1.1854,1532.2413,222.259,246.423,1.4725,1.6236,0.9489
4.75,550,9,4.73,0,3240.4024,26.098,1.1955,1.1867,1534.1299,222.5527,246.6993,1.4725,1.6234,0.9498
4.75,600,9,4.73,0,3245.5127,26.1088,1.1964,1.1878,1535.84,222.8192,246.9505,1.4724,1.6232,0.9506
4.75,650,9,4.73,0,3250.1297,26.1185,1.1972,1.1888,1537.4014,223.0631,247.1806,1.4724,1.6231,0.9514
4.75,700,9,4.73,0,3254.332,26.1274,1.198,1.1898,1538.8373,223.2878,247.393,1.4724,1.623,0.9521
4.75,750,9,4.73,0,3258.1814,26.1356,1.1987,1.1907,1540.1659,223.4961,247.5901,1.4724,1.6229,0.9528
4.75,800,9,4.73,0,3261.7273,26.1431,1.1993,1.1915,1541.4016,223.6901,247.7739,1.4724,1.6228,0.9534
4.75,850,9,4.73,0,3265.0095,26.1501,1.1999,1.1923,1542.5563,223.8717,247.9461,1.4724,1.6227,0.954
4.75,900,9,4.73,0,3268.0609,26.1566,1.2005,1.193,1543.6397,224.0423,248.1081,1.4724,1.6226,0.9545
4.75,950,9,4.73,0,3270.9085,26.1626,1.201,1.1937,1544.6598,224.2031,248.2609,1.4724,1.6225,0.955
4.75,1000,9,4.73,0,3273.5752,26.1683,1.2016,1.1944,1545.6234,224.3552,248.4056,1.4724,1.6225,0.9555
5,100,9,4.73,0,3155.7274,26.1605,1.175,1.1572,1501.7501,217.7145,242.8687,1.4745,1.6324,0.9339
5,150,9,4.73,0,3189.9166,26.2333,1.1778,1.1617,1511.7186,219.1943,244.2031,1.4739,1.6305,0.9378
5,200,9,4.73,0,3213.3384,26.2832,1.1799,1.1649,1518.5748,220.2159,245.1307,1.4736,1.6293,0.9406
5,250,9,4.73,0,3230.976,26.3208,1.1816,1.1675,1523.7668,220.9926,245.8397,1.4733,1.6285,0.9428
5,300,9,4.73,0,3245.0186,26.3507,1.1831,1.1697,1527.927,221.6173,246.4122,1.4731,1.6278,0.9445
5,350,9,4.73,0,3256.6196,26.3754,1.1843,1.1715,1531.387,222.1387,246.8917,1.473,1.6273,0.946
5,400,9,4.73,0,3266.4593,26.3964,1.1855,1.1732,1534.342,222.5854,247.3037,1.4729,1.6269,0.9473
5,450,9,4.73,0,3274.9722,26.4146,1.1865,1.1746,1536.9162,222.9757,247.6647,1.4728,1.6265,0.9484
5,500,9,4.73,0,3282.4515,26.4306,1.1874,1.1759,1539.1936,223.322,247.9856,1.4727,1.6262,0.9494
5,550,9,4.73,0,3289.1048,26.4448,1.1882,1.1771,1541.2334,223.6329,248.2743,1.4726,1.626,0.9504
5,600,9,4.73,0,3295.0836,26.4575,1.189,1.1781,1543.0789,223.9089,248.5326,1.4725,1.6257,0.9512
5,650,9,4.73,0,3300.5022,26.4691,1.1897,1.1791,1544.7628,224.1668,248.773,1.4725,1.6255,0.952
5,700,9,4.73,0,3305.4485,26.4797,1.1904,1.1801,1546.31,224.4043,248.9946,1.4724,1.6253,0.9527
5,750,9,4.73,0,3309.9919,26.4894,1.191,1.1809,1547.7405,224.6243,249.2001,1.4724,1.6252,0.9533
5,800,9,4.73,0,3314.1877,26.4984,1.1916,1.1817,1549.07,224.8291,249.3918,1.4723,1.625,0.954
5,850,9,4.73,0,3318.0808,26.5067,1.1922,1.1825,1550.3113,225.0206,249.5712,1.4723,1.6249,0.9546
5,900,9,4.73,0,3321.7083,26.5145,1.1927,1.1832,1551.4751,225.2004,249.7399,1.4723,1.6248,0.9551
5,950,9,4.73,0,3325.1008,26.5218,1.1932,1.1839,1552.5702,225.3699,249.8991,1.4723,1.6247,0.9556
5,1000,9,4.73,0,3328.2842,26.5286,1.1937,1.1845,1553.6039,225.5301,250.0496,1.4723,1.6246,0.9561
5.25,100,9,4.73,0,3178.7401,26.4376,1.1719,1.1512,1503.3424,218.0833,243.8453,1.4754,1.637,0.9343
5.25,150,9,4.73,0,3215.6874,26.5172,1.1741,1.1551,1513.9967,219.6617,245.2513,1.4748,1.6348,0.9382
5.25,200,9,4.73,0,3241.2304,26.5723,1.1758,1.158,1521.3567,220.7513,246.228,1.4744,1.6334,0.941
5.25,250,9,4.73,0,3260.6062,26.6141,1.1771,1.1603,1526.9455,221.5794,246.9739,1.4741,1.6324,0.9431
5.25,300,9,4.73,0,3276.1277,26.6476,1.1783,1.1623,1531.4319,222.245,247.5759,1.4738,1.6315,0.9449
5.25,350,9,4.73,0,3289.0189,26.6754,1.1793,1.1639,1535.1677,222.8003,248.0798,1.4736,1.6309,0.9464
5.25,400,9,4.73,0,3300.0047,26.6991,1.1803,1.1654,1538.361,223.2758,248.5126,1.4734,1.6303,0.9477
5.25,450,9,4.73,0,3309.5493,26.7197,1.1811,1.1667,1541.1444,223.691,248.8914,1.4733,1.6299,0.9488
5.25,500,9,4.73,0,3317.9676,26.7379,1.1819,1.1678,1543.6076,224.0592,249.2281,1.4732,1.6295,0.9498
5.25,550,9,4.73,0,3325.4826,26.7541,1.1826,1.1689,1545.8143,224.3896,249.5309,1.4731,1.6291,0.9507
5.25,600,9,4.73,0,3332.2578,26.7688,1.1832,1.1699,1547.811,224.6891,249.8058,1.473,1.6288,0.9516
5.25,650,9,4.73,0,3338.4169,26.7821,1.1838,1.1708,1549.6326,224.9628,250.0575,1.4729,1.6286,0.9523
5.25,700,9,4.73,0,3344.0553,26.7943,1.1844,1.1716,1551.3063,225.2147,250.2895,1.4728,1.6283,0.9531
5.25,750,9,4.73,0,3349.2481,26.8055,1.1849,1.1724,1552.8534,225.4479,250.5046,1.4728,1.6281,0.9537
5.25,800,9,4.73,0,3354.0556,26.8159,1.1854,1.1732,1554.2911,225.6649,250.7051,1.4727,1.6279,0.9543
5.25,850,9,4.73,0,3358.527,26.8255,1.1859,1.1739,1555.6331,225.8617,250.8886,1.4726,1.6277,0.9549
5.25,900,9,4.73,0,3362.7026,26.8346,1.1863,1.1745,1556.8909,226.0522,251.065,1.4726,1.6275,0.9555
5.25,950,9,4.73,0,3366.6162,26.8431,1.1868,1.1751,1558.0741,226.2316,251.2313,1.4725,1.6273,0.956
5.25,1000,9,4.73,0,3370.2961,26.851,1.1872,1.1757,1559.1906,226.4012,251.3886,1.4725,1.6272,0.9565
5.5,100,9,4.73,0,3193.7972,26.6854,1.17,1.1467,1502.8524,218.1295,244.514,1.4762,1.6418,0.9345
5.5,150,9,4.73,0,3232.8586,26.7706,1.1717,1.1502,1514.0791,219.8081,245.9939,1.4757,1.6395,0.9384
5.5,200,9,4.73,0,3260.0607,26.83,1.1731,1.1527,1521.875,220.9677,247.0218,1.4753,1.6379,0.9412
5.5,250,9,4.73,0,3280.8177,26.8753,1.1742,1.1548,1527.8174,221.8492,247.8066,1.475,1.6367,0.9434
5.5,300,9,4.73,0,3297.5302,26.9118,1.1751,1.1565,1532.6013,222.558,248.4398,1.4747,1.6358,0.9451
5.5,350,9,4.73,0,3311.4725,26.9422,1.1759,1.1579,1536.5941,223.1491,248.9696,1.4745,1.635,0.9466
5.5,400,9,4.73,0,3323.4015,26.9683,1.1766,1.1592,1540.0132,223.6553,249.4245,1.4743,1.6344,0.9479
5.5,450,9,4.73,0,3333.8033,26.991,1.1773,1.1604,1542.998,224.0973,249.8227,1.4741,1.6338,0.949
5.5,500,9,4.73,0,3343.0081,27.0112,1.1779,1.1614,1545.6428,224.4891,250.1764,1.474,1.6333,0.95
5.5,550,9,4.73,0,3351.2506,27.0292,1.1785,1.1623,1548.0146,224.8407,250.4944,1.4739,1.6329,0.951
5.5,600,9,4.73,0,3358.7031,27.0455,1.179,1.1632,1550.1626,225.1593,250.783,1.4737,1.6325,0.9518
5.5,650,9,4.73,0,3365.496,27.0603,1.1795,1.164,1552.1237,225.4504,251.0473,1.4736,1.6322,0.9526
5.5,700,9,4.73,0,3371.7303,27.074,1.1799,1.1648,1553.9267,225.7182,251.2907,1.4735,1.6319,0.9533
5.5,750,9,4.73,0,3377.4858,27.0866,1.1804,1.1655,1555.5942,225.9661,251.5164,1.4735,1.6316,0.9539
5.5,800,9,4.73,0,3382.8263,27.0983,1.1808,1.1661,1557.1444,226.1968,251.7267,1.4734,1.6313,0.9546
5.5,850,9,4.73,0,3387.8042,27.1092,1.1812,1.1667,1558.592,226.4123,251.9235,1.4733,1.6311,0.9552
5.5,900,9,4.73,0,3392.4623,27.1194,1.1815,1.1673,1559.9493,226.6146,252.1083,1.4732,1.6308,0.9557
5.5,950,9,4.73,0,3396.8368,27.1289,1.1819,1.1679,1561.2263,226.8051,252.2826,1.4732,1.6306,0.9562
5.5,1000,9,4.73,0,3400.9577,27.138,1.1822,1.1684,1562.4316,226.9851,252.4474,1.4731,1.6304,0.9567
5.75,100,9,4.73,0,3202.7551,26.908,1.1689,1.1434,1500.8349,217.8854,244.9058,1.4767,1.6464,0.9346
5.75,150,9,4.73,0,3243.3553,26.9976,1.1703,1.1465,1512.5004,219.6611,246.4603,1.4763,1.6441,0.9385
5.75,200,9,4.73,0,3271.7864,27.0604,1.1713,1.1488,1520.6253,220.896,247.5444,1.4761,1.6425,0.9413
5.75,250,9,4.73,0,3293.5809,27.1086,1.1722,1.1506,1526.8523,221.8313,248.3691,1.4758,1.6413,0.9435
5.75,300,9,4.73,0,3311.1984,27.1475,1.173,1.1521,1531.8808,222.5837,249.0345,1.4756,1.6403,0.9452
5.75,350,9,4.73,0,3325.9473,27.1801,1.1736,1.1534,1536.0884,223.2116,249.5912,1.4754,1.6394,0.9467
5.75,400,9,4.73,0,3338.6065,27.2081,1.1742,1.1545,1539.6995,223.7493,250.0692,1.4752,1.6387,0.948
5.75,450,9,4.73,0,3349.6771,27.2326,1.1747,1.1555,1542.8578,224.219,250.4875,1.4751,1.6381,0.9491
5.75,500,9,4.73,0,3359.5001,27.2544,1.1752,1.1564,1545.6611,224.6353,250.8591,1.4749,1.6376,0.9502
5.75,550,9,4.73,0,3368.3181,27.2739,1.1757,1.1572,1548.1788,225.009,251.1931,1.4748,1.6371,0.9511
5.75,600,9,4.73,0,3376.3097,27.2916,1.1761,1.158,1550.4618,225.3476,251.4963,1.4747,1.6366,0.9519
5.75,650,9,4.73,0,3383.6101,27.3077,1.1765,1.1587,1552.5488,225.657,251.7738,1.4745,1.6362,0.9527
5.75,700,9,4.73,0,3390.3241,27.3226,1.1769,1.1594,1554.4696,225.9417,252.0294,1.4744,1.6359,0.9534
5.75,750,9,4.73,0,3396.5348,27.3364,1.1772,1.16,1556.2478,226.2051,252.2664,1.4743,1.6356,0.9541
5.75,800,9,4.73,0,3402.3087,27.3492,1.1775,1.1606,1557.9023,226.4503,252.4871,1.4743,1.6352,0.9547
5.75,850,9,4.73,0,3407.7001,27.3611,1.1778,1.1611,1559.4486,226.6794,252.6936,1.4742,1.635,0.9553
5.75,900,9,4.73,0,3412.7541,27.3723,1.1781,1.1617,1560.8995,226.8944,252.8877,1.4741,1.6347,0.9558
5.75,950,9,4.73,0,3417.5082,27.3829,1.1784,1.1621,1562.2655,227.0968,253.0705,1.474,1.6344,0.9564
5.75,1000,9,4.73,0,3421.994,27.3928,1.1787,1.1626,1563.5557,227.288,253.2435,1.4739,1.6342,0.9568
6,100,9,4.73,0,3207.096,27.1091,1.1681,1.141,1497.7021,217.3996,245.0538,1.4766,1.6507,0.9347
6,150,9,4.73,0,3248.7595,27.202,1.1693,1.1438,1509.6764,219.264,246.6823,1.4765,1.6485,0.9386
6,200,9,4.73,0,3278.0556,27.2675,1.1702,1.1458,1518.0655,220.5581,247.8143,1.4764,1.6469,0.9414
6,250,9,4.73,0,3300.5903,27.3178,1.171,1.1475,1524.5047,221.5447,248.6791,1.4763,1.6457,0.9435
6,300,9,4.73,0,3318.8604,27.3587,1.1716,1.1488,1529.7184,222.3394,249.377,1.4761,1.6447,0.9453
6,350,9,4.73,0,3334.1963,27.393,1.1721,1.15,1534.0913,223.0031,249.961,1.476,1.6438,0.9468
6,400,9,4.73,0,3347.3913,27.4225,1.1726,1.151,1537.8518,223.572,250.4624,1.4759,1.6431,0.948
6,450,9,4.73,0,3358.9561,27.4484,1.1731,1.1519,1541.1468,224.0691,250.9013,1.4757,1.6425,0.9492
6,500,9,4.73,0,3369.2388,27.4715,1.1735,1.1527,1544.0763,224.5101,251.2912,1.4756,1.6419,0.9502
6,550,9,4.73,0,3378.4872,27.4922,1.1738,1.1534,1546.7113,224.9059,251.6416,1.4755,1.6414,0.9511
6,600,9,4.73,0,3386.8842,27.511,1.1742,1.1541,1549.1039,225.2647,251.9598,1.4754,1.6409,0.952
6,650,9,4.73,0,3394.5681,27.5282,1.1745,1.1547,1551.2782,225.5923,252.2507,1.4753,1.6405,0.9527
6,700,9,4.73,0,3401.6465,27.5441,1.1748,1.1553,1553.2956,225.8941,252.5189,1.4752,1.6401,0.9534
6,750,9,4.73,0,3408.2044,27.5588,1.1751,1.1558,1555.1654,226.1734,252.7675,1.4752,1.6398,0.9541
6,800,9,4.73,0,3414.3101,27.5725,1.1753,1.1564,1556.9069,226.4334,252.9991,1.4751,1.6394,0.9547
6,850,9,4.73,0,3420.0197,27.5853,1.1756,1.1568,1558.536,226.6764,253.2158,1.475,1.6391,0.9553
6,900,9,4.73,0,3425.3792,27.5973,1.1758,1.1573,1560.0659,226.9044,253.4194,1.4749,1.6388,0.9559
6,950,9,4.73,0,3430.4273,27.6087,1.1761,1.1577,1561.5076,227.1192,253.6112,1.4749,1.6386,0.9564
6,1000,9,4.73,0,3435.1967,27.6194,1.1763,1.1582,1562.8704,227.322,253.7926,1.4748,1.6383,0.9569
6.25,100,9,4.73,0,3207.9504,27.2916,1.1675,1.1392,1493.6179,216.6762,244.9404,1.4759,1.6543,0.9345
6.25,150,9,4.73,0,3250.3006,27.3871,1.1686,1.1418,1505.7943,218.6103,246.6392,1.4761,1.6523,0.9384
6.25,200,9,4.73,0,3280.1686,27.4545,1.1694,1.1437,1514.3506,219.9593,247.8216,1.4761,1.6508,0.9412
6.25,250,9,4.73,0,3303.2008,27.5065,1.1701,1.1452,1520.9343,220.9909,248.7255,1.4762,1.6497,0.9434
6.25,300,9,4.73,0,3321.9152,27.5488,1.1706,1.1464,1526.2762,221.8303,249.4599,1.4762,1.6488,0.9451
6.25,350,9,4.73,0,3337.6549,27.5844,1.1711,1.1474,1530.7648,222.5271,250.071,1.4761,1.648,0.9466
6.25,400,9,4.73,0,3351.2216,27.6151,1.1715,1.1483,1534.6312,223.1251,250.5958,1.4761,1.6473,0.9479
6.25,450,9,4.73,0,3363.1317,27.6421,1.1719,1.1492,1538.0242,223.6481,251.0552,1.476,1.6466,0.949
6.25,500,9,4.73,0,3373.7378,27.6661,1.1722,1.1499,1541.0448,224.1123,251.4634,1.476,1.6461,0.9501
6.25,550,9,4.73,0,3383.2909,27.6878,1.1726,1.1506,1543.7652,224.5294,251.8304,1.4759,1.6456,0.951
6.25,600,9,4.73,0,3391.9763,27.7075,1.1728,1.1512,1546.2384,224.9076,252.1636,1.4759,1.6451,0.9518
6.25,650,9,4.73,0,3399.9344,27.7255,1.1731,1.1517,1548.5046,225.2535,252.4685,1.4758,1.6447,0.9526
6.25,700,9,4.73,0,3407.2744,27.7421,1.1734,1.1522,1550.5949,225.5719,252.7494,1.4758,1.6443,0.9533
6.25,750,9,4.73,0,3414.0827,27.7576,1.1736,1.1527,1552.5341,225.8668,253.0099,1.4757,1.644,0.954
6.25,800,9,4.73,0,3420.4288,27.772,1.1738,1.1532,1554.3419,226.1413,253.2525,1.4757,1.6436,0.9546
6.25,850,9,4.73,0,3426.3695,27.7855,1.174,1.1536,1556.0346,226.398,253.4795,1.4756,1.6433,0.9552
6.25,900,9,4.73,0,3431.9519,27.7982,1.1742,1.154,1557.6255,226.6389,253.6927,1.4755,1.643,0.9557
6.25,950,9,4.73,0,3437.2152,27.8101,1.1744,1.1544,1559.1259,226.8658,253.8937,1.4755,1.6427,0.9563
6.25,1000,9,4.73,0,3442.1928,27.8214,1.1746,1.1548,1560.5453,227.0802,254.0838,1.4754,1.6425,0.9567
6.5,100,9,4.73,0,3206.1638,27.4582,1.1671,1.1379,1488.5845,215.7776,244.5444,1.475,1.657,0.9341
6.5,150,9,4.73,0,3248.9073,27.5554,1.1681,1.1403,1500.8777,217.7524,246.3112,1.4753,1.6553,0.938
6.5,200,9,4.73,0,3279.1171,27.6242,1.1688,1.1421,1509.5348,219.133,247.5407,1.4755,1.6541,0.9407
6.5,250,9,4.73,0,3302.4547,27.6775,1.1694,1.1435,1516.2079,220.1927,248.4819,1.4756,1.6531,0.9429
6.5,300,9,4.73,0,3321.4472,27.7208,1.1699,1.1446,1521.6308,221.0505,249.2426,1.4757,1.6522,0.9447
6.5,350,9,4.73,0,3337.4434,27.7574,1.1704,1.1456,1526.1936,221.7766,249.8848,1.4757,1.6515,0.9461
6.5,400,9,4.73,0,3351.249,27.7889,1.1707,1.1464,1530.1289,222.3951,250.4327,1.4758,1.6509,0.9474
6.5,450,9,4.73,0,3363.3834,27.8167,1.1711,1.1472,1533.5862,222.9368,250.9125,1.4758,1.6503,0.9486
6.5,500,9,4.73,0,3374.2013,27.8415,1.1714,1.1478,1536.6673,223.4182,251.339,1.4758,1.6498,0.9496
6.5,550,9,4.73,0,3383.9554,27.8638,1.1716,1.1485,1539.4449,223.8512,251.7225,1.4758,1.6493,0.9505
6.5,600,9,4.73,0,3392.8324,27.8841,1.1719,1.149,1541.9724,224.2457,252.0698,1.4758,1.6489,0.9513
6.5,650,9,4.73,0,3400.9739,27.9028,1.1721,1.1495,1544.2904,224.6073,252.3881,1.4757,1.6485,0.9521
6.5,700,9,4.73,0,3408.4897,27.92,1.1724,1.15,1546.4302,224.9406,252.6814,1.4757,1.6481,0.9528
6.5,750,9,4.73,0,3415.4671,27.936,1.1726,1.1504,1548.4168,225.2494,252.9534,1.4757,1.6478,0.9535
6.5,800,9,4.73,0,3421.9762,27.951,1.1728,1.1509,1550.2702,225.5371,253.2067,1.4757,1.6475,0.9541
6.5,850,9,4.73,0,3428.0744,27.965,1.173,1.1513,1552.0068,225.8062,253.4439,1.4757,1.6472,0.9547
6.5,900,9,4.73,0,3433.8092,27.9781,1.1731,1.1516,1553.6402,226.0589,253.6667,1.4757,1.6469,0.9553
6.5,950,9,4.73,0,3439.2202,27.9905,1.1733,1.152,1555.1816,226.2971,253.8767,1.4757,1.6466,0.9558
6.5,1000,9,4.73,0,3444.3412,28.0023,1.1735,1.1523,1556.6405,226.5222,254.0753,1.4756,1.6464,0.9563
6.75,100,9,4.73,0,3202.3642,27.6108,1.1666,1.1369,1482.7245,214.7597,243.9027,1.4741,1.6591,0.9332
6.75,150,9,4.73,0,3245.2742,27.7092,1.1676,1.1393,1495.0685,216.7436,245.7176,1.4745,1.6576,0.9372
6.75,200,9,4.73,0,3275.6467,27.779,1.1683,1.1409,1503.7744,218.1462,246.9891,1.4747,1.6566,0.9399
6.75,250,9,4.73,0,3299.1395,27.8331,1.1689,1.1422,1510.4937,219.2233,247.9608,1.4749,1.6557,0.9421
6.75,300,9,4.73,0,3318.2793,27.8772,1.1693,1.1433,1515.9599,220.0984,248.7472,1.475,1.6549,0.9438
6.75,350,9,4.73,0,3334.4158,27.9144,1.1697,1.1442,1520.5638,220.8342,249.4066,1.4752,1.6543,0.9453
6.75,400,9,4.73,0,3348.3552,27.9465,1.1701,1.145,1524.5379,221.4756,249.9789,1.4753,1.6538,0.9466
6.75,450,9,4.73,0,3360.6175,27.9749,1.1704,1.1457,1528.0322,222.0327,250.4761,1.4754,1.6533,0.9477
6.75,500,9,4.73,0,3371.5582,28.0001,1.1707,1.1464,1531.1487,222.5286,250.9184,1.4754,1.6528,0.9488
6.75,550,9,4.73,0,3381.4304,28.023,1.1709,1.1469,1533.9601,222.9752,251.3163,1.4755,1.6524,0.9497
6.75,600,9,4.73,0,3390.4212,28.0438,1.1712,1.1474,1536.52,223.3813,251.6777,1.4755,1.652,0.9505
6.75,650,9,4.73,0,3398.6725,28.0629,1.1714,1.1479,1538.8692,223.7533,252.0088,1.4755,1.6517,0.9513
6.75,700,9,4.73,0,3406.2947,28.0805,1.1716,1.1484,1541.0392,224.0964,252.3139,1.4755,1.6514,0.952
6.75,750,9,4.73,0,3413.3752,28.0969,1.1718,1.1488,1543.0549,224.4146,252.5969,1.4756,1.651,0.9527
6.75,800,9,4.73,0,3419.9844,28.1122,1.172,1.1492,1544.9365,224.7113,252.8606,1.4756,1.6508,0.9533
6.75,850,9,4.73,0,3426.18,28.1266,1.1721,1.1495,1546.7005,224.989,253.1075,1.4756,1.6505,0.9539
6.75,900,9,4.73,0,3432.0095,28.1401,1.1723,1.1499,1548.3604,225.25,253.3395,1.4756,1.6502,0.9544
6.75,950,9,4.73,0,3437.5129,28.1529,1.1725,1.1502,1549.9276,225.5029,253.5631,1.4756,1.65,0.9549
6.75,1000,9,4.73,0,3442.7239,28.165,1.1726,1.1505,1551.4117,225.7358,253.77,1.4757,1.6498,0.9554
7,100,9,4.73,0,3197.0196,27.751,1.1662,1.1362,1476.0115,213.6568,243.0436,1.4735,1.6606,0.932
7,150,9,4.73,0,3239.9203,27.8502,1.1671,1.1385,1488.3543,215.6026,244.8751,1.4736,1.6593,0.9359
7,200,9,4.73,0,3270.3162,27.9206,1.1678,1.1401,1497.0682,216.9942,246.1705,1.4738,1.6583,0.9386
7,250,9,4.73,0,3293.8469,27.9752,1.1684,1.1414,1503.7993,218.0747,247.1689,1.474,1.6576,0.9408
7,300,9,4.73,0,3313.032,28.0198,1.1688,1.1424,1509.2792,218.9502,247.9747,1.4742,1.657,0.9425
7,350,9,4.73,0,3329.2175,28.0574,1.1692,1.1433,1513.8976,219.6959,248.6567,1.4743,1.6565,0.944
7,400,9,4.73,0,3343.2079,28.09,1.1695,1.144,1517.8867,220.3345,249.2399,1.4744,1.656,0.9453
7,450,9,4.73,0,3355.5223,28.1187,1.1698,1.1447,1521.3961,220.8962,249.7514,1.4745,1.6556,0.9464
7,500,9,4.73,0,3366.5152,28.1443,1.1701,1.1453,1524.5276,221.3974,250.2066,1.4746,1.6552,0.9475
7,550,9,4.73,0,3376.4398,28.1674,1.1704,1.1458,1527.354,221.8567,250.6216,1.4747,1.6548,0.9484
7,600,9,4.73,0,3385.4825,28.1885,1.1706,1.1463,1529.9287,222.2688,250.9945,1.4748,1.6545,0.9492
7,650,9,4.73,0,3393.7855,28.2079,1.1708,1.1468,1532.2925,222.6471,251.3361,1.4748,1.6542,0.95
7,700,9,4.73,0,3401.4587,28.2259,1.171,1.1472,1534.4768,222.9964,251.6512,1.4749,1.6539,0.9507
7,750,9,4.73,0,3408.5896,28.2425,1.1712,1.1476,1536.5067,223.3209,251.9436,1.4749,1.6537,0.9514
7,800,9,4.73,0,3415.2486,28.2581,1.1713,1.148,1538.4023,223.6237,252.2161,1.475,1.6534,0.952
7,850,9,4.73,0,3421.4933,28.2727,1.1715,1.1483,1540.1799,223.9075,252.4713,1.475,1.6532,0.9526
7,900,9,4.73,0,3427.3712,28.2865,1.1716,1.1486,1541.8533,224.1745,252.7112,1.475,1.6529,0.9531
7,950,9,4.73,0,3432.9224,28.2995,1.1718,1.1489,1543.4338,224.4265,252.9375,1.4751,1.6527,0.9536
7,1000,9,4.73,0,3438.1806,28.3118,1.1719,1.1492,1544.9309,224.6651,253.1515,1.4751,1.6525,0.9541
7.25,100,9,4.73,0,3190.4809,27.8804,1.1657,1.1357,1467.9548,212.358,241.8685,1.473,1.6615,0.9299
7.25,150,9,4.73,0,3233.2354,27.98,1.1666,1.138,1480.2511,214.306,243.7348,1.4732,1.6604,0.9338
7.25,200,9,4.73,0,3263.5459,28.0507,1.1673,1.1395,1488.9377,215.6834,245.0461,1.4734,1.6596,0.9366
7.25,250,9,4.73,0,3287.0228,28.1056,1.1679,1.1408,1495.6513,216.7505,246.0566,1.4735,1.659,0.9387
7.25,300,9,4.73,0,3306.1729,28.1504,1.1683,1.1418,1501.1195,217.594,246.8576,1.4735,1.6583,0.9404
7.25,350,9,4.73,0,3322.3359,28.1882,1.1687,1.1426,1505.73,218.3223,247.5432,1.4735,1.6579,0.9419
7.25,400,9,4.73,0,3336.3122,28.221,1.169,1.1433,1509.7138,218.9568,248.1376,1.4736,1.6575,0.9432
7.25,450,9,4.73,0,3348.6188,28.2499,1.1693,1.144,1513.2197,219.519,248.662,1.4737,1.6571,0.9443
7.25,500,9,4.73,0,3359.6086,28.2757,1.1696,1.1446,1516.3492,220.0222,249.1301,1.4738,1.6568,0.9454
7.25,550,9,4.73,0,3369.5335,28.2991,1.1698,1.1451,1519.1745,220.4714,249.548,1.4739,1.6565,0.9463
7.25,600,9,4.73,0,3378.5795,28.3204,1.17,1.1456,1521.7492,220.8809,249.9282,1.4739,1.6562,0.9471
7.25,650,9,4.73,0,3386.8878,28.3399,1.1702,1.146,1524.1135,221.264,250.2819,1.474,1.656,0.9479
7.25,700,9,4.73,0,3394.5682,28.358,1.1704,1.1464,1526.2989,221.6124,250.6041,1.474,1.6557,0.9486
7.25,750,9,4.73,0,3401.7077,28.3748,1.1706,1.1468,1528.3303,221.9363,250.9032,1.4741,1.6555,0.9492
7.25,800,9,4.73,0,3408.3765,28.3906,1.1708,1.1471,1530.2277,222.2388,251.1821,1.4741,1.6553,0.9499
7.25,850,9,4.73,0,3414.6319,28.4053,1.1709,1.1475,1532.0075,222.5227,251.4435,1.4742,1.6551,0.9504
7.25,900,9,4.73,0,3420.5215,28.4192,1.1711,1.1478,1533.6833,222.7899,251.6893,1.4742,1.6549,0.951
7.25,950,9,4.73,0,3426.0849,28.4324,1.1712,1.1481,1535.2664,223.0493,251.9262,1.4743,1.6548,0.9515
7.25,1000,9,4.73,0,3431.356,28.4448,1.1713,1.1483,1536.7664,223.2889,252.146,1.4743,1.6546,0.952
7.5,100,9,4.73,0,3183.0135,28.0001,1.1652,1.1354,1461.0739,211.2852,240.8217,1.4727,1.662,0.9286
7.5,150,9,4.73,0,3225.5144,28.0997,1.1661,1.1376,1473.3074,213.2097,242.6891,1.4729,1.661,0.9325
7.5,200,9,4.73,0,3255.654,28.1705,1.1668,1.1392,1481.9528,214.5785,244.01,1.473,1.6603,0.9352
7.5,250,9,4.73,0,3279.0049,28.2254,1.1674,1.1404,1488.6364,215.6315,245.0239,1.4731,1.6597,0.9374
7.5,300,9,4.73,0,3298.0569,28.2703,1.1678,1.1414,1494.0817,216.49,245.8483,1.4732,1.6592,0.9391
7.5,350,9,4.73,0,3314.1408,28.3083,1.1682,1.1422,1498.6739,217.2214,246.5474,1.4733,1.6588,0.9406
7.5,400,9,4.73,0,3328.0518,28.3411,1.1685,1.1429,1502.6427,217.8467,247.1453,1.4733,1.6585,0.9419
7.5,450,9,4.73,0,3340.3034,28.3701,1.1688,1.1435,1506.1361,218.3974,247.6709,1.4733,1.6581,0.943
7.5,500,9,4.73,0,3351.2461,28.396,1.1691,1.1441,1509.2551,218.8953,248.144,1.4734,1.6579,0.944
7.5,550,9,4.73,0,3361.1303,28.4194,1.1693,1.1446,1512.0714,219.338,248.5655,1.4734,1.6576,0.9449
7.5,600,9,4.73,0,3370.1408,28.4407,1.1695,1.1451,1514.6383,219.7471,248.9532,1.4735,1.6574,0.9458
7.5,650,9,4.73,0,3378.4178,28.4604,1.1698,1.1455,1516.9958,220.1215,249.3078,1.4735,1.6572,0.9465
7.5,700,9,4.73,0,3386.0706,28.4785,1.1699,1.1459,1519.1753,220.4636,249.6324,1.4735,1.6569,0.9472
7.5,750,9,4.73,0,3393.1855,28.4954,1.1701,1.1463,1521.2015,220.7731,249.9275,1.4735,1.6567,0.9479
7.5,800,9,4.73,0,3399.8324,28.5112,1.1703,1.1466,1523.0943,221.0621,250.2027,1.4735,1.6565,0.9485
7.5,850,9,4.73,0,3406.0681,28.526,1.1704,1.1469,1524.87,221.3419,250.4671,1.4735,1.6563,0.9491
7.5,900,9,4.73,0,3411.94,28.54,1.1706,1.1472,1526.5422,221.6089,250.7184,1.4735,1.6561,0.9496
7.5,950,9,4.73,0,3417.4875,28.5532,1.1707,1.1475,1528.122,221.8559,250.9517,1.4735,1.6559,0.9502
7.5,1000,9,4.73,0,3422.7441,28.5657,1.1708,1.1478,1529.6191,222.098,251.1785,1.4736,1.6558,0.9506
7.75,100,9,4.73,0,3174.8202,28.111,1.1647,1.1353,1455.2795,210.4217,239.9118,1.4726,1.6622,0.9279
7.75,150,9,4.73,0,3216.9824,28.2104,1.1656,1.1374,1467.4391,212.3302,241.7738,1.4727,1.6612,0.9318
7.75,200,9,4.73,0,3246.8835,28.281,1.1663,1.139,1476.0333,213.6804,243.0867,1.4728,1.6605,0.9346
7.75,250,9,4.73,0,3270.0512,28.3359,1.1669,1.1402,1482.6782,214.7251,244.1,1.4729,1.66,0.9367
7.75,300,9,4.73,0,3288.9551,28.3807,1.1673,1.1411,1488.0924,215.5766,244.9243,1.4729,1.6595,0.9384
7.75,350,9,4.73,0,3304.9151,28.4186,1.1677,1.1419,1492.6589,216.3019,245.6236,1.473,1.6592,0.9399
7.75,400,9,4.73,0,3318.72,28.4514,1.1681,1.1427,1496.6058,216.9227,246.2227,1.473,1.6588,0.9412
7.75,450,9,4.73,0,3330.879,28.4804,1.1684,1.1433,1500.0803,217.4692,246.7495,1.4731,1.6585,0.9423
7.75,500,9,4.73,0,3341.7398,28.5062,1.1686,1.1438,1503.1825,217.9573,247.2195,1.4731,1.6583,0.9433
7.75,550,9,4.73,0,3351.5506,28.5296,1.1689,1.1443,1505.984,218.3982,247.6435,1.4731,1.658,0.9443
7.75,600,9,4.73,0,3360.4948,28.551,1.1691,1.1448,1508.5374,218.8,248.0297,1.4732,1.6578,0.9451
7.75,650,9,4.73,0,3368.7116,28.5706,1.1693,1.1452,1510.8828,219.1762,248.3892,1.4732,1.6576,0.9459
7.75,700,9,4.73,0,3376.309,28.5887,1.1695,1.1456,1513.0512,219.517,248.7163,1.4732,1.6574,0.9466
7.75,750,9,4.73,0,3383.373,28.6056,1.1697,1.146,1515.0672,219.8339,249.0203,1.4733,1.6572,0.9472
7.75,800,9,4.73,0,3389.9726,28.6214,1.1698,1.1463,1516.9506,220.13,249.304,1.4733,1.6571,0.9478
7.75,850,9,4.73,0,3396.1645,28.6362,1.17,1.1466,1518.7176,220.4078,249.57,1.4733,1.6569,0.9484
7.75,900,9,4.73,0,3401.9953,28.6502,1.1701,1.1469,1520.3817,220.6694,249.8205,1.4733,1.6568,0.949
7.75,950,9,4.73,0,3407.5044,28.6634,1.1703,1.1472,1521.954,220.9235,250.062,1.4734,1.6566,0.9495
7.75,1000,9,4.73,0,3412.7248,28.6759,1.1704,1.1475,1523.444,221.1572,250.2856,1.4734,1.6565,0.95
8,100,9,4.73,0,3166.0571,28.2141,1.1642,1.1352,1450.0769,209.6715,239.0648,1.4726,1.6622,0.9276
8,150,9,4.73,0,3207.813,28.313,1.1652,1.1374,1462.1516,211.5655,240.9138,1.4727,1.6612,0.9315
8,200,9,4.73,0,3237.4216,28.3834,1.1659,1.1389,1470.6853,212.9052,242.2176,1.4728,1.6605,0.9343
8,250,9,4.73,0,3260.3604,28.438,1.1664,1.1401,1477.2833,213.9416,243.2239,1.4728,1.66,0.9364
8,300,9,4.73,0,3279.0763,28.4826,1.1669,1.1411,1482.6592,214.7864,244.0426,1.4729,1.6595,0.9382
8,350,9,4.73,0,3294.8767,28.5203,1.1673,1.1419,1487.1932,215.5059,244.7374,1.473,1.6592,0.9396
8,400,9,4.73,0,3308.543,28.553,1.1676,1.1426,1491.1121,216.1216,245.3325,1.473,1.6588,0.9409
8,450,9,4.73,0,3320.5793,28.5818,1.1679,1.1432,1494.5618,216.6637,245.8559,1.473,1.6585,0.942
8,500,9,4.73,0,3331.3304,28.6076,1.1682,1.1437,1497.6419,217.1477,246.3228,1.473,1.6583,0.943
8,550,9,4.73,0,3341.0418,28.6309,1.1684,1.1442,1500.4234,217.5849,246.7441,1.4731,1.658,0.944
8,600,9,4.73,0,3349.8952,28.6521,1.1687,1.1447,1502.9586,217.9834,247.1279,1.4731,1.6578,0.9448
8,650,9,4.73,0,3358.0283,28.6717,1.1689,1.1451,1505.2872,218.3494,247.4801,1.4731,1.6576,0.9456
8,700,9,4.73,0,3365.5484,28.6897,1.1691,1.1455,1507.4401,218.6879,247.8056,1.4731,1.6574,0.9463
8,750,9,4.73,0,3372.5403,28.7066,1.1692,1.1459,1509.4417,219.0092,248.1129,1.4732,1.6573,0.9469
8,800,9,4.73,0,3379.0725,28.7223,1.1694,1.1462,1511.3117,219.3027,248.395,1.4732,1.6571,0.9475
8,850,9,4.73,0,3385.2011,28.737,1.1696,1.1465,1513.0661,219.5782,248.6595,1.4732,1.6569,0.9481
8,900,9,4.73,0,3390.9722,28.7509,1.1697,1.1468,1514.7182,219.8376,248.9085,1.4732,1.6568,0.9487
8,950,9,4.73,0,3396.4249,28.7641,1.1698,1.1471,1516.2792,220.0827,249.1436,1.4732,1.6566,0.9492
8,1000,9,4.73,0,3401.5918,28.7766,1.17,1.1474,1517.7586,220.315,249.3664,1.4732,1.6565,0.9497